{"cameraMode":{"drawMode":0,"name":"Shaded","section":"Shading Mode"},"sceneLighting":true,"audioPlay":false,"sceneViewState":{"showFog":true,"showMaterialUpdate":false,"showSkybox":true,"showFlares":true,"showImageEffects":true,"showParticleSystems":true,"showVisualEffectGraphs":true,"m_FxEnabled":true},"in2DMode":false,"pivot":{"x":506.2412414550781,"y":52.43014907836914,"z":-0.7281508445739746},"rotation":{"x":-0.0069343093782663349,"y":-0.45989954471588137,"z":0.0035923507530242206,"w":-0.8879270553588867},"size":0.8660253882408142,"orthographic":false}