{"cameraMode":{"drawMode":0,"name":"Shaded","section":"Shading Mode"},"sceneLighting":true,"audioPlay":false,"sceneViewState":{"showFog":true,"showMaterialUpdate":false,"showSkybox":true,"showFlares":true,"showImageEffects":true,"showParticleSystems":true,"showVisualEffectGraphs":true,"m_FxEnabled":true},"in2DMode":false,"pivot":{"x":2.772223949432373,"y":-4.8662567138671879,"z":-2.259744644165039},"rotation":{"x":-0.2641339898109436,"y":0.0034703812561929228,"z":-0.0009485022746957839,"w":-0.9644705057144165},"size":8.897109031677246,"orthographic":false}