{"cameraMode":{"drawMode":0,"name":"Shaded","section":"Shading Mode"},"sceneLighting":true,"audioPlay":false,"sceneViewState":{"showFog":true,"showMaterialUpdate":false,"showSkybox":true,"showFlares":true,"showImageEffects":true,"showParticleSystems":true,"showVisualEffectGraphs":true,"m_FxEnabled":true},"in2DMode":false,"pivot":{"x":-1.4498549699783326,"y":8.930099487304688,"z":-10.714160919189454},"rotation":{"x":-0.3058251738548279,"y":0.003425473580136895,"z":-0.0011001175735145808,"w":-0.9520735740661621},"size":0.8660253882408142,"orthographic":false}