{"cameraMode":{"drawMode":0,"name":"Shaded","section":"Shading Mode"},"sceneLighting":true,"audioPlay":false,"sceneViewState":{"showFog":true,"showMaterialUpdate":false,"showSkybox":true,"showFlares":true,"showImageEffects":true,"showParticleSystems":true,"showVisualEffectGraphs":true,"m_FxEnabled":true},"in2DMode":false,"pivot":{"x":6.7858500480651859,"y":12.880053520202637,"z":-29.360992431640626},"rotation":{"x":-0.1977463960647583,"y":0.08428022265434265,"z":-0.017067203298211099,"w":-0.9764677286148071},"size":0.8660253882408142,"orthographic":false}